<PAMDataset>
  <Metadata>
    <MDI key="DataType">Generic</MDI>
  </Metadata>
  <Metadata domain="Esri">
    <MDI key="PyramidResamplingType">NEAREST</MDI>
  </Metadata>
  <PAMRasterBand band="1">
    <Histograms>
      <HistItem>
        <HistMin>0.5998038053512573</HistMin>
        <HistMax>1.28219199180603</HistMax>
        <BucketCount>256</BucketCount>
        <IncludeOutOfRange>1</IncludeOutOfRange>
        <Approximate>0</Approximate>
        <HistCounts>1|0|0|0|0|1|0|3|3|19|10|24|12|4|16|19|20|25|24|37|29|39|46|35|40|33|17|21|13|16|16|4|15|15|12|8|9|4|7|7|5|5|3|9|7|10|7|5|19|13|18|12|11|18|12|25|18|15|20|12|8|13|29|20|24|28|28|24|31|30|22|22|19|14|16|12|10|16|15|12|10|16|14|15|10|10|17|21|10|29|12|20|23|13|25|12|22|28|25|35|35|20|45|32|24|36|39|43|36|38|43|39|41|54|44|55|36|40|34|44|45|45|49|57|34|45|56|43|46|43|40|45|37|42|48|46|46|52|64|63|64|56|52|50|42|49|49|47|45|55|49|43|37|39|42|38|23|27|23|22|16|16|12|12|7|8|11|9|9|9|8|11|5|10|15|12|26|9|21|11|22|15|17|15|25|23|26|23|27|23|22|22|39|41|39|36|40|41|47|56|55|57|59|46|27|30|19|17|23|27|40|57|83|55|23|23|27|17|39|25|31|46|51|58|55|30|31|25|22|24|16|19|18|30|27|23|31|49|30|38|44|62|57|76|60|51|46|55|43|38|22|20|18|2|2|1</HistCounts>
      </HistItem>
    </Histograms>
    <Metadata>
      <MDI key="RepresentationType">ATHEMATIC</MDI>
      <MDI key="STATISTICS_COVARIANCES">0.03168802277341479</MDI>
      <MDI key="STATISTICS_MAXIMUM">1.282191991806</MDI>
      <MDI key="STATISTICS_MEAN">0.99305286708041</MDI>
      <MDI key="STATISTICS_MINIMUM">0.59980380535126</MDI>
      <MDI key="STATISTICS_SKIPFACTORX">1</MDI>
      <MDI key="STATISTICS_SKIPFACTORY">1</MDI>
      <MDI key="STATISTICS_STDDEV">0.17799862024762</MDI>
      <MDI key="STATISTICS_VALID_PERCENT">50.27</MDI>
    </Metadata>
  </PAMRasterBand>
</PAMDataset>
