<PAMDataset>
  <Metadata>
    <MDI key="DataType">Generic</MDI>
  </Metadata>
  <Metadata domain="Esri">
    <MDI key="PyramidResamplingType">NEAREST</MDI>
  </Metadata>
  <PAMRasterBand band="1">
    <Histograms>
      <HistItem>
        <HistMin>0.5998038053512573</HistMin>
        <HistMax>1.275070905685425</HistMax>
        <BucketCount>256</BucketCount>
        <IncludeOutOfRange>1</IncludeOutOfRange>
        <Approximate>0</Approximate>
        <HistCounts>1|0|0|0|0|1|0|2|2|10|7|9|7|2|11|3|8|8|7|11|12|5|19|9|10|10|10|6|4|8|4|0|4|9|2|4|1|3|2|5|3|2|1|1|6|4|2|2|6|5|6|4|2|8|9|5|5|8|2|6|5|1|2|10|3|6|5|5|6|9|5|3|8|4|3|4|3|2|9|3|4|5|5|7|2|7|4|4|11|5|9|6|8|8|3|10|3|8|7|9|16|12|5|15|11|7|22|15|11|15|8|12|14|12|16|16|25|16|14|8|11|15|10|19|18|7|12|9|14|11|7|15|17|12|7|13|11|11|7|15|15|11|16|9|10|8|14|10|8|11|10|9|7|11|8|7|7|7|4|5|1|2|2|2|2|2|1|3|2|4|1|5|1|4|1|3|5|5|9|4|5|2|7|4|4|3|3|5|6|6|6|6|3|6|5|4|3|5|8|5|5|6|3|4|4|2|3|0|3|3|5|4|5|5|3|6|1|2|6|4|3|3|5|2|6|5|3|1|1|4|3|1|3|0|0|1|6|0|4|4|5|4|3|5|6|7|4|1|7|3|4|2|0|3|1|1</HistCounts>
      </HistItem>
    </Histograms>
    <Metadata>
      <MDI key="RepresentationType">ATHEMATIC</MDI>
      <MDI key="STATISTICS_COVARIANCES">0.02641207451811383</MDI>
      <MDI key="STATISTICS_MAXIMUM">1.2750709056854</MDI>
      <MDI key="STATISTICS_MEAN">0.9159714821893</MDI>
      <MDI key="STATISTICS_MINIMUM">0.59980380535126</MDI>
      <MDI key="STATISTICS_SKIPFACTORX">1</MDI>
      <MDI key="STATISTICS_SKIPFACTORY">1</MDI>
      <MDI key="STATISTICS_STDDEV">0.16246588989538</MDI>
      <MDI key="STATISTICS_VALID_PERCENT">28.55</MDI>
    </Metadata>
  </PAMRasterBand>
</PAMDataset>
