<PAMDataset>
  <Metadata>
    <MDI key="DataType">Generic</MDI>
  </Metadata>
  <Metadata domain="Esri">
    <MDI key="PyramidResamplingType">NEAREST</MDI>
  </Metadata>
  <PAMRasterBand band="1">
    <Histograms>
      <HistItem>
        <HistMin>0.6515272259712219</HistMin>
        <HistMax>1.2637699842453</HistMax>
        <BucketCount>256</BucketCount>
        <IncludeOutOfRange>1</IncludeOutOfRange>
        <Approximate>0</Approximate>
        <HistCounts>2|1|2|4|5|3|2|3|5|8|7|11|18|6|10|12|13|13|14|6|13|14|11|13|13|18|13|10|10|15|12|17|13|12|8|16|16|20|27|33|46|42|37|35|33|33|27|32|26|29|44|56|52|50|71|58|46|54|55|66|61|65|65|51|69|50|49|56|64|65|60|49|64|65|52|60|55|52|68|67|82|63|74|95|89|85|88|85|82|83|79|75|91|71|64|71|70|84|80|61|79|72|88|91|68|59|58|57|56|59|95|69|84|66|86|79|84|75|76|70|88|47|55|52|60|71|51|65|65|53|56|63|61|62|77|83|48|47|65|76|79|37|66|62|79|70|59|49|61|48|81|70|79|91|90|99|61|49|50|30|24|39|28|28|40|29|31|20|27|33|21|27|26|20|18|23|19|19|10|25|20|18|18|17|15|13|16|13|21|19|14|18|31|34|33|28|30|28|24|31|27|30|19|33|27|37|46|52|58|73|60|63|73|60|59|51|71|76|52|43|52|61|46|50|48|67|53|33|49|45|33|28|23|20|28|10|17|11|17|4|12|4|2|7|2|0|0|0|0|0|5|0|1|1|2|1</HistCounts>
      </HistItem>
    </Histograms>
    <Metadata>
      <MDI key="RepresentationType">ATHEMATIC</MDI>
      <MDI key="STATISTICS_COVARIANCES">0.0184799295734743</MDI>
      <MDI key="STATISTICS_MAXIMUM">1.2637699842453</MDI>
      <MDI key="STATISTICS_MEAN">0.95164871309504</MDI>
      <MDI key="STATISTICS_MINIMUM">0.65152722597122</MDI>
      <MDI key="STATISTICS_SKIPFACTORX">1</MDI>
      <MDI key="STATISTICS_SKIPFACTORY">1</MDI>
      <MDI key="STATISTICS_STDDEV">0.13593462031471</MDI>
      <MDI key="STATISTICS_VALID_PERCENT">28.61</MDI>
    </Metadata>
  </PAMRasterBand>
</PAMDataset>
